Workbook

Sheet Sayfa1
C3: Öğrenci değerlendirme kriter belirleme
C4: Puanlama Adı | D4: Puan | E4: Token % | K4: Örnek Hesaplama
C5: Performans Notu | D5: 0-100 | E5: 0.001
C6: Yazılı Sınav Notu | D6: 0-100 | E6: 0.001
C7: Proje Notu | D7: 0-100 | E7: 0.001
C8: Okuduğu Kitap | E8: 1e-05
C9: Yapılan Ödev | E9: 0.0001
C10: Dönem Sonu Ödevi | E10: 0.00015
C11: Raporsuz Devamsızlık | E11: -0.0001
C12: Başarı belgesi | E12: 0.00015
C13: Onur Belgesi | E13: 5e-05
C14: Sertifika | E14: 0.0001
C15: Yarışma Katılımı | E15: 5e-05
C16: Yarışma Derecesi | E16: 0.001

Sheet Sayfa2
B1: DERSLER | C1: Sınav Puanları | I1: Performans | L1: Uygulama | O1: Proje | Q1: Puanı
C2: 1 | D2: 2 | E2: 3 | F2: 4 | G2: 5 | H2: Ortak | I2: 1 | J2: 2 | K2: 3 | L2: 1 | M2: 2 | N2: 3 | O2: Proje | Q2: Puan | S2: Muaf
H3: Sınav
B4: EDEN EĞİTİMİ VE SPOR/GÖRSEL SANATLAR/MÜZİK | I4: 100 | J4: 100 | L4: 100 | Q4: 100 | S4: -
B5: BİLGİSAYARLA DEVRE DİZAYNI | C5: 88 | D5: 94 | I5: 95 | J5: 95 | K5: 100 | Q5: 94,40 | S5: - | T5: =C5*Sayfa1!$E$6 -> 0.088 | U5: =D5*Sayfa1!$E$6 -> 0.094 | V5: =I5*Sayfa1!$E$6 -> 0.095 | W5: =J5*Sayfa1!$E$6 -> 0.095 | X5: =K5*Sayfa1!$E$6 -> 0.1
B6: BİYOLOJİ | C6: 100 | D6: 84 | I6: 100 | J6: 100 | Q6: 96 | S6: - | T6: =C6*Sayfa1!$E$6 -> 0.1 | U6: =D6*Sayfa1!$E$6 -> 0.084 | V6: =I6*Sayfa1!$E$6 -> 0.1 | W6: =J6*Sayfa1!$E$6 -> 0.1 | X6: =K6*Sayfa1!$E$6 -> 0
B7: COĞRAFYA | C7: 94 | D7: 84 | I7: 90 | J7: 100 | Q7: 92 | S7: - | T7: =C7*Sayfa1!$E$6 -> 0.094 | U7: =D7*Sayfa1!$E$6 -> 0.084 | V7: =I7*Sayfa1!$E$6 -> 0.09 | W7: =J7*Sayfa1!$E$6 -> 0.1 | X7: =K7*Sayfa1!$E$6 -> 0
B8: DİN KÜLTÜRÜ VE AHLÂK BİLGİSİ | C8: 94 | D8: 80 | I8: 100 | J8: 100 | Q8: 93,50 | S8: - | T8: =C8*Sayfa1!$E$6 -> 0.094 | U8: =D8*Sayfa1!$E$6 -> 0.08 | V8: =I8*Sayfa1!$E$6 -> 0.1 | W8: =J8*Sayfa1!$E$6 -> 0.1 | X8: =K8*Sayfa1!$E$6 -> 0
B9: ELEKTRİK-ELEKTRONİK ESASLARI | C9: 92 | D9: 90 | I9: 95 | J9: 95 | K9: 100 | Q9: 94,40 | S9: - | T9: =C9*Sayfa1!$E$6 -> 0.092 | U9: =D9*Sayfa1!$E$6 -> 0.09 | V9: =I9*Sayfa1!$E$6 -> 0.095 | W9: =J9*Sayfa1!$E$6 -> 0.095 | X9: =K9*Sayfa1!$E$6 -> 0.1
B10: FELSEFE | C10: 80 | D10: 90 | I10: 100 | J10: 100 | Q10: 92,50 | S10: - | T10: =C10*Sayfa1!$E$6 -> 0.08 | U10: =D10*Sayfa1!$E$6 -> 0.09 | V10: =I10*Sayfa1!$E$6 -> 0.1 | W10: =J10*Sayfa1!$E$6 -> 0.1 | X10: =K10*Sayfa1!$E$6 -> 0
B11: FİZİK | C11: 90 | D11: 70 | I11: 100 | J11: 100 | Q11: 90 | S11: - | T11: =C11*Sayfa1!$E$6 -> 0.09 | U11: =D11*Sayfa1!$E$6 -> 0.07 | V11: =I11*Sayfa1!$E$6 -> 0.1 | W11: =J11*Sayfa1!$E$6 -> 0.1 | X11: =K11*Sayfa1!$E$6 -> 0
B12: KİMYA | C12: 97 | D12: 75 | I12: 100 | J12: 100 | Q12: 93 | S12: - | T12: =C12*Sayfa1!$E$6 -> 0.097 | U12: =D12*Sayfa1!$E$6 -> 0.075 | V12: =I12*Sayfa1!$E$6 -> 0.1 | W12: =J12*Sayfa1!$E$6 -> 0.1 | X12: =K12*Sayfa1!$E$6 -> 0
B13: KUMANDA VE KONTROL ATÖLYESİ | C13: 83 | D13: 100 | I13: 95 | J13: 95 | K13: 100 | Q13: 94,60 | S13: - | T13: =C13*Sayfa1!$E$6 -> 0.083 | U13: =D13*Sayfa1!$E$6 -> 0.1 | V13: =I13*Sayfa1!$E$6 -> 0.095 | W13: =J13*Sayfa1!$E$6 -> 0.095 | X13: =K13*Sayfa1!$E$6 -> 0.1
B14: MATEMATİK | C14: 93 | D14: 88 | E14: 98 | I14: 100 | J14: 90 | Q14: 93,80 | S14: - | T14: =C14*Sayfa1!$E$6 -> 0.093 | U14: =D14*Sayfa1!$E$6 -> 0.088 | V14: =I14*Sayfa1!$E$6 -> 0.1 | W14: =J14*Sayfa1!$E$6 -> 0.09 | X14: =K14*Sayfa1!$E$6 -> 0
B15: TARİH | C15: 100 | D15: 96 | I15: 100 | J15: 100 | Q15: 99 | S15: - | T15: =C15*Sayfa1!$E$6 -> 0.1 | U15: =D15*Sayfa1!$E$6 -> 0.096 | V15: =I15*Sayfa1!$E$6 -> 0.1 | W15: =J15*Sayfa1!$E$6 -> 0.1 | X15: =K15*Sayfa1!$E$6 -> 0
B16: TÜRK DİLİ VE EDEBİYATI | C16: 70 | D16: 72 | I16: 100 | J16: 95 | K16: 95 | Q16: 86,40 | S16: - | T16: =C16*Sayfa1!$E$6 -> 0.07 | U16: =D16*Sayfa1!$E$6 -> 0.072 | V16: =I16*Sayfa1!$E$6 -> 0.1 | W16: =J16*Sayfa1!$E$6 -> 0.095 | X16: =K16*Sayfa1!$E$6 -> 0.095
B17: YABANCI DİL | C17: 88 | D17: 91 | I17: 65 | J17: 100 | Q17: 86 | S17: - | T17: =C17*Sayfa1!$E$6 -> 0.088 | U17: =D17*Sayfa1!$E$6 -> 0.091 | V17: =I17*Sayfa1!$E$6 -> 0.065 | W17: =J17*Sayfa1!$E$6 -> 0.1 | X17: =K17*Sayfa1!$E$6 -> 0
T18: =SUM(T5:T17) -> 1.169 | U18: =SUM(U5:U17) -> 1.114 | V18: =SUM(V5:V17) -> 1.24 | W18: =SUM(W5:W17) -> 1.27 | X18: =SUM(X5:X17) -> 0.395
B19: Okuduğu Kitap | C19: 12 | D19: =C19*Sayfa1!$E8 -> 0.00012 | O19: Sütun1 | P19: Sütun2 | Q19: Sütun3 | R19: Sütun4
B20: Yapılan Ödev | C20: 8 | D20: =C20*Sayfa1!$E9 -> 0.0008 | O20: Öğrenci Adı | Q20: Ahmet Furkan
B21: Dönem Sonu Ödevi | C21: 100 | D21: =C21*Sayfa1!$E10 -> 0.015 | O21: Sınıf | Q21: 11B
B22: Raporsuz Devamsızlık | C22: 3 | D22: =C22*Sayfa1!$E11 -> -0.0003 | O22: Toplam Dönem Token | Q22: =SUM(T18:X18,D28) -> 5.20402
B23: Başarı belgesi | C23: 0 | D23: =C23*Sayfa1!$E12 -> 0
B24: Onur Belgesi | C24: 1 | D24: =C24*Sayfa1!$E13 -> 5e-05
B25: Sertifika | C25: 3 | D25: =C25*Sayfa1!$E14 -> 0.0003
B26: Yarışma Katılımı | C26: 1 | D26: =C26*Sayfa1!$E15 -> 5e-05
B27: Yarışma Derecesi | D27: =C27*Sayfa1!$E16 -> 0
D28: =SUM(D19:D27) -> 0.01602
